,coordenadas_tupla
151,"[{'lat': '24.56709', 'lon': '-81.73842', 'name': 'Stock Island', 'admin1': 'Florida', 'admin2': 'Monroe County', 'cc': 'US'}]"
587,"[{'lat': '36.41362', 'lon': '94.8157', 'name': 'Guolemude', 'admin1': 'Heilongjiang Sheng', 'admin2': '', 'cc': 'CN'}]"
987,"[{'lat': '36.41362', 'lon': '94.8157', 'name': 'Guolemude', 'admin1': 'Heilongjiang Sheng', 'admin2': '', 'cc': 'CN'}]"
1241,"[{'lat': '22.07521', 'lon': '-159.31895', 'name': ""Kapa'a"", 'admin1': 'Hawaii', 'admin2': 'Kauai County', 'cc': 'US'}]"
1303,"[{'lat': '36.41362', 'lon': '94.8157', 'name': 'Guolemude', 'admin1': 'Heilongjiang Sheng', 'admin2': '', 'cc': 'CN'}]"
1533,"[{'lat': '24.56709', 'lon': '-81.73842', 'name': 'Stock Island', 'admin1': 'Florida', 'admin2': 'Monroe County', 'cc': 'US'}]"
1961,"[{'lat': '24.56709', 'lon': '-81.73842', 'name': 'Stock Island', 'admin1': 'Florida', 'admin2': 'Monroe County', 'cc': 'US'}]"
2110,"[{'lat': '24.59653', 'lon': '-81.66009', 'name': 'Big Coppitt Key', 'admin1': 'Florida', 'admin2': 'Monroe County', 'cc': 'US'}]"
2318,"[{'lat': '24.66987', 'lon': '-81.35397', 'name': 'Big Pine Key', 'admin1': 'Florida', 'admin2': 'Monroe County', 'cc': 'US'}]"
2808,"[{'lat': '24.56709', 'lon': '-81.73842', 'name': 'Stock Island', 'admin1': 'Florida', 'admin2': 'Monroe County', 'cc': 'US'}]"
4468,"[{'lat': '24.59653', 'lon': '-81.66009', 'name': 'Big Coppitt Key', 'admin1': 'Florida', 'admin2': 'Monroe County', 'cc': 'US'}]"
4993,"[{'lat': '24.66987', 'lon': '-81.35397', 'name': 'Big Pine Key', 'admin1': 'Florida', 'admin2': 'Monroe County', 'cc': 'US'}]"
6304,"[{'lat': '24.71375', 'lon': '-81.09035', 'name': 'Marathon', 'admin1': 'Florida', 'admin2': 'Monroe County', 'cc': 'US'}]"
6511,"[{'lat': '-27.11124', 'lon': '-109.35053', 'name': 'Ostrov Paskhi', 'admin1': '', 'admin2': '', 'cc': 'CL'}]"
6883,"[{'lat': '36.41362', 'lon': '94.8157', 'name': 'Guolemude', 'admin1': 'Heilongjiang Sheng', 'admin2': '', 'cc': 'CN'}]"
7213,"[{'lat': '24.5557', 'lon': '-81.78259', 'name': 'Key West', 'admin1': 'Florida', 'admin2': 'Monroe County', 'cc': 'US'}]"
9429,"[{'lat': '22.21208', 'lon': '-159.41342', 'name': 'Kilauea', 'admin1': 'Hawaii', 'admin2': 'Kauai County', 'cc': 'US'}]"
9490,"[{'lat': '24.71375', 'lon': '-81.09035', 'name': 'Marathon', 'admin1': 'Florida', 'admin2': 'Monroe County', 'cc': 'US'}]"
9544,"[{'lat': '36.41362', 'lon': '94.8157', 'name': 'Guolemude', 'admin1': 'Heilongjiang Sheng', 'admin2': '', 'cc': 'CN'}]"
9631,"[{'lat': '24.71375', 'lon': '-81.09035', 'name': 'Marathon', 'admin1': 'Florida', 'admin2': 'Monroe County', 'cc': 'US'}]"
10467,"[{'lat': '24.56709', 'lon': '-81.73842', 'name': 'Stock Island', 'admin1': 'Florida', 'admin2': 'Monroe County', 'cc': 'US'}]"
10612,"[{'lat': '24.5557', 'lon': '-81.78259', 'name': 'Key West', 'admin1': 'Florida', 'admin2': 'Monroe County', 'cc': 'US'}]"
10721,"[{'lat': '24.56709', 'lon': '-81.73842', 'name': 'Stock Island', 'admin1': 'Florida', 'admin2': 'Monroe County', 'cc': 'US'}]"
10738,"[{'lat': '48.99372', 'lon': '-122.74712', 'name': 'Blaine', 'admin1': 'Washington', 'admin2': 'Whatcom County', 'cc': 'US'}]"
11283,"[{'lat': '24.67153', 'lon': '-81.49842', 'name': 'Cudjoe Key', 'admin1': 'Florida', 'admin2': 'Monroe County', 'cc': 'US'}]"
12629,"[{'lat': '36.41362', 'lon': '94.8157', 'name': 'Guolemude', 'admin1': 'Heilongjiang Sheng', 'admin2': '', 'cc': 'CN'}]"
13539,"[{'lat': '36.41362', 'lon': '94.8157', 'name': 'Guolemude', 'admin1': 'Heilongjiang Sheng', 'admin2': '', 'cc': 'CN'}]"
14020,"[{'lat': '24.59653', 'lon': '-81.66009', 'name': 'Big Coppitt Key', 'admin1': 'Florida', 'admin2': 'Monroe County', 'cc': 'US'}]"
16792,"[{'lat': '24.56709', 'lon': '-81.73842', 'name': 'Stock Island', 'admin1': 'Florida', 'admin2': 'Monroe County', 'cc': 'US'}]"
16842,"[{'lat': '36.41362', 'lon': '94.8157', 'name': 'Guolemude', 'admin1': 'Heilongjiang Sheng', 'admin2': '', 'cc': 'CN'}]"
17958,"[{'lat': '36.41362', 'lon': '94.8157', 'name': 'Guolemude', 'admin1': 'Heilongjiang Sheng', 'admin2': '', 'cc': 'CN'}]"
18611,"[{'lat': '24.56709', 'lon': '-81.73842', 'name': 'Stock Island', 'admin1': 'Florida', 'admin2': 'Monroe County', 'cc': 'US'}]"
18687,"[{'lat': '24.59653', 'lon': '-81.66009', 'name': 'Big Coppitt Key', 'admin1': 'Florida', 'admin2': 'Monroe County', 'cc': 'US'}]"
18722,"[{'lat': '36.41362', 'lon': '94.8157', 'name': 'Guolemude', 'admin1': 'Heilongjiang Sheng', 'admin2': '', 'cc': 'CN'}]"
18839,"[{'lat': '24.56709', 'lon': '-81.73842', 'name': 'Stock Island', 'admin1': 'Florida', 'admin2': 'Monroe County', 'cc': 'US'}]"
19273,"[{'lat': '4.86992', 'lon': '-2.24046', 'name': 'Axim', 'admin1': 'Western', 'admin2': '', 'cc': 'GH'}]"
22329,"[{'lat': '24.66987', 'lon': '-81.35397', 'name': 'Big Pine Key', 'admin1': 'Florida', 'admin2': 'Monroe County', 'cc': 'US'}]"
23382,"[{'lat': '36.41362', 'lon': '94.8157', 'name': 'Guolemude', 'admin1': 'Heilongjiang Sheng', 'admin2': '', 'cc': 'CN'}]"
23491,"[{'lat': '36.41362', 'lon': '94.8157', 'name': 'Guolemude', 'admin1': 'Heilongjiang Sheng', 'admin2': '', 'cc': 'CN'}]"
23529,"[{'lat': '36.41362', 'lon': '94.8157', 'name': 'Guolemude', 'admin1': 'Heilongjiang Sheng', 'admin2': '', 'cc': 'CN'}]"
24057,"[{'lat': '24.56709', 'lon': '-81.73842', 'name': 'Stock Island', 'admin1': 'Florida', 'admin2': 'Monroe County', 'cc': 'US'}]"
24684,"[{'lat': '24.56709', 'lon': '-81.73842', 'name': 'Stock Island', 'admin1': 'Florida', 'admin2': 'Monroe County', 'cc': 'US'}]"
26095,"[{'lat': '24.59653', 'lon': '-81.66009', 'name': 'Big Coppitt Key', 'admin1': 'Florida', 'admin2': 'Monroe County', 'cc': 'US'}]"
26247,"[{'lat': '24.59653', 'lon': '-81.66009', 'name': 'Big Coppitt Key', 'admin1': 'Florida', 'admin2': 'Monroe County', 'cc': 'US'}]"
26251,"[{'lat': '36.41362', 'lon': '94.8157', 'name': 'Guolemude', 'admin1': 'Heilongjiang Sheng', 'admin2': '', 'cc': 'CN'}]"
26840,"[{'lat': '19.11219', 'lon': '-96.63531', 'name': 'Sonora', 'admin1': 'Veracruz', 'admin2': 'Comapa', 'cc': 'MX'}]"
27617,"[{'lat': '24.59653', 'lon': '-81.66009', 'name': 'Big Coppitt Key', 'admin1': 'Florida', 'admin2': 'Monroe County', 'cc': 'US'}]"
28845,"[{'lat': '24.56709', 'lon': '-81.73842', 'name': 'Stock Island', 'admin1': 'Florida', 'admin2': 'Monroe County', 'cc': 'US'}]"
28992,"[{'lat': '36.41362', 'lon': '94.8157', 'name': 'Guolemude', 'admin1': 'Heilongjiang Sheng', 'admin2': '', 'cc': 'CN'}]"
29949,"[{'lat': '36.41362', 'lon': '94.8157', 'name': 'Guolemude', 'admin1': 'Heilongjiang Sheng', 'admin2': '', 'cc': 'CN'}]"
30501,"[{'lat': '36.41362', 'lon': '94.8157', 'name': 'Guolemude', 'admin1': 'Heilongjiang Sheng', 'admin2': '', 'cc': 'CN'}]"
31339,"[{'lat': '24.5557', 'lon': '-81.78259', 'name': 'Key West', 'admin1': 'Florida', 'admin2': 'Monroe County', 'cc': 'US'}]"
32205,"[{'lat': '36.41362', 'lon': '94.8157', 'name': 'Guolemude', 'admin1': 'Heilongjiang Sheng', 'admin2': '', 'cc': 'CN'}]"
32413,"[{'lat': '36.41362', 'lon': '94.8157', 'name': 'Guolemude', 'admin1': 'Heilongjiang Sheng', 'admin2': '', 'cc': 'CN'}]"
32804,"[{'lat': '24.56709', 'lon': '-81.73842', 'name': 'Stock Island', 'admin1': 'Florida', 'admin2': 'Monroe County', 'cc': 'US'}]"
33413,"[{'lat': '24.5557', 'lon': '-81.78259', 'name': 'Key West', 'admin1': 'Florida', 'admin2': 'Monroe County', 'cc': 'US'}]"
35564,"[{'lat': '22.21758', 'lon': '-159.47888', 'name': 'Princeville', 'admin1': 'Hawaii', 'admin2': 'Kauai County', 'cc': 'US'}]"
35587,"[{'lat': '24.59653', 'lon': '-81.66009', 'name': 'Big Coppitt Key', 'admin1': 'Florida', 'admin2': 'Monroe County', 'cc': 'US'}]"
35598,"[{'lat': '36.41362', 'lon': '94.8157', 'name': 'Guolemude', 'admin1': 'Heilongjiang Sheng', 'admin2': '', 'cc': 'CN'}]"
36151,"[{'lat': '36.41362', 'lon': '94.8157', 'name': 'Guolemude', 'admin1': 'Heilongjiang Sheng', 'admin2': '', 'cc': 'CN'}]"
36405,"[{'lat': '36.41362', 'lon': '94.8157', 'name': 'Guolemude', 'admin1': 'Heilongjiang Sheng', 'admin2': '', 'cc': 'CN'}]"
36779,"[{'lat': '24.56709', 'lon': '-81.73842', 'name': 'Stock Island', 'admin1': 'Florida', 'admin2': 'Monroe County', 'cc': 'US'}]"
36960,"[{'lat': '36.41362', 'lon': '94.8157', 'name': 'Guolemude', 'admin1': 'Heilongjiang Sheng', 'admin2': '', 'cc': 'CN'}]"
37102,"[{'lat': '24.59653', 'lon': '-81.66009', 'name': 'Big Coppitt Key', 'admin1': 'Florida', 'admin2': 'Monroe County', 'cc': 'US'}]"
37474,"[{'lat': '36.41362', 'lon': '94.8157', 'name': 'Guolemude', 'admin1': 'Heilongjiang Sheng', 'admin2': '', 'cc': 'CN'}]"
40496,"[{'lat': '24.5557', 'lon': '-81.78259', 'name': 'Key West', 'admin1': 'Florida', 'admin2': 'Monroe County', 'cc': 'US'}]"
40644,"[{'lat': '36.41362', 'lon': '94.8157', 'name': 'Guolemude', 'admin1': 'Heilongjiang Sheng', 'admin2': '', 'cc': 'CN'}]"
40855,"[{'lat': '24.59653', 'lon': '-81.66009', 'name': 'Big Coppitt Key', 'admin1': 'Florida', 'admin2': 'Monroe County', 'cc': 'US'}]"
42377,"[{'lat': '24.9243', 'lon': '-80.62784', 'name': 'Islamorada', 'admin1': 'Florida', 'admin2': 'Monroe County', 'cc': 'US'}]"
43831,"[{'lat': '24.56709', 'lon': '-81.73842', 'name': 'Stock Island', 'admin1': 'Florida', 'admin2': 'Monroe County', 'cc': 'US'}]"
43870,"[{'lat': '24.56709', 'lon': '-81.73842', 'name': 'Stock Island', 'admin1': 'Florida', 'admin2': 'Monroe County', 'cc': 'US'}]"
44839,"[{'lat': '16.33194', 'lon': '-98.37778', 'name': 'Santo Domingo Armenta', 'admin1': 'Oaxaca', 'admin2': 'Santo Domingo Armenta', 'cc': 'MX'}]"
45825,"[{'lat': '24.59653', 'lon': '-81.66009', 'name': 'Big Coppitt Key', 'admin1': 'Florida', 'admin2': 'Monroe County', 'cc': 'US'}]"
46136,"[{'lat': '36.41362', 'lon': '94.8157', 'name': 'Guolemude', 'admin1': 'Heilongjiang Sheng', 'admin2': '', 'cc': 'CN'}]"
46526,"[{'lat': '36.41362', 'lon': '94.8157', 'name': 'Guolemude', 'admin1': 'Heilongjiang Sheng', 'admin2': '', 'cc': 'CN'}]"
46752,"[{'lat': '24.56709', 'lon': '-81.73842', 'name': 'Stock Island', 'admin1': 'Florida', 'admin2': 'Monroe County', 'cc': 'US'}]"
47125,"[{'lat': '24.59653', 'lon': '-81.66009', 'name': 'Big Coppitt Key', 'admin1': 'Florida', 'admin2': 'Monroe County', 'cc': 'US'}]"
47700,"[{'lat': '36.41362', 'lon': '94.8157', 'name': 'Guolemude', 'admin1': 'Heilongjiang Sheng', 'admin2': '', 'cc': 'CN'}]"
47760,"[{'lat': '24.56709', 'lon': '-81.73842', 'name': 'Stock Island', 'admin1': 'Florida', 'admin2': 'Monroe County', 'cc': 'US'}]"
48441,"[{'lat': '24.56709', 'lon': '-81.73842', 'name': 'Stock Island', 'admin1': 'Florida', 'admin2': 'Monroe County', 'cc': 'US'}]"
48510,"[{'lat': '36.41362', 'lon': '94.8157', 'name': 'Guolemude', 'admin1': 'Heilongjiang Sheng', 'admin2': '', 'cc': 'CN'}]"
48517,"[{'lat': '24.5557', 'lon': '-81.78259', 'name': 'Key West', 'admin1': 'Florida', 'admin2': 'Monroe County', 'cc': 'US'}]"
49008,"[{'lat': '36.41362', 'lon': '94.8157', 'name': 'Guolemude', 'admin1': 'Heilongjiang Sheng', 'admin2': '', 'cc': 'CN'}]"
49874,"[{'lat': '36.41362', 'lon': '94.8157', 'name': 'Guolemude', 'admin1': 'Heilongjiang Sheng', 'admin2': '', 'cc': 'CN'}]"
50255,"[{'lat': '24.9243', 'lon': '-80.62784', 'name': 'Islamorada', 'admin1': 'Florida', 'admin2': 'Monroe County', 'cc': 'US'}]"
50439,"[{'lat': '36.41362', 'lon': '94.8157', 'name': 'Guolemude', 'admin1': 'Heilongjiang Sheng', 'admin2': '', 'cc': 'CN'}]"
51023,"[{'lat': '24.56709', 'lon': '-81.73842', 'name': 'Stock Island', 'admin1': 'Florida', 'admin2': 'Monroe County', 'cc': 'US'}]"
52013,"[{'lat': '24.59653', 'lon': '-81.66009', 'name': 'Big Coppitt Key', 'admin1': 'Florida', 'admin2': 'Monroe County', 'cc': 'US'}]"
52697,"[{'lat': '36.41362', 'lon': '94.8157', 'name': 'Guolemude', 'admin1': 'Heilongjiang Sheng', 'admin2': '', 'cc': 'CN'}]"
53129,"[{'lat': '36.41362', 'lon': '94.8157', 'name': 'Guolemude', 'admin1': 'Heilongjiang Sheng', 'admin2': '', 'cc': 'CN'}]"
53148,"[{'lat': '36.41362', 'lon': '94.8157', 'name': 'Guolemude', 'admin1': 'Heilongjiang Sheng', 'admin2': '', 'cc': 'CN'}]"
55023,"[{'lat': '24.56709', 'lon': '-81.73842', 'name': 'Stock Island', 'admin1': 'Florida', 'admin2': 'Monroe County', 'cc': 'US'}]"
55182,"[{'lat': '24.59653', 'lon': '-81.66009', 'name': 'Big Coppitt Key', 'admin1': 'Florida', 'admin2': 'Monroe County', 'cc': 'US'}]"
55819,"[{'lat': '24.56709', 'lon': '-81.73842', 'name': 'Stock Island', 'admin1': 'Florida', 'admin2': 'Monroe County', 'cc': 'US'}]"
56168,"[{'lat': '24.56709', 'lon': '-81.73842', 'name': 'Stock Island', 'admin1': 'Florida', 'admin2': 'Monroe County', 'cc': 'US'}]"
56471,"[{'lat': '36.41362', 'lon': '94.8157', 'name': 'Guolemude', 'admin1': 'Heilongjiang Sheng', 'admin2': '', 'cc': 'CN'}]"
56601,"[{'lat': '24.59653', 'lon': '-81.66009', 'name': 'Big Coppitt Key', 'admin1': 'Florida', 'admin2': 'Monroe County', 'cc': 'US'}]"
56635,"[{'lat': '24.56709', 'lon': '-81.73842', 'name': 'Stock Island', 'admin1': 'Florida', 'admin2': 'Monroe County', 'cc': 'US'}]"
57999,"[{'lat': '50.63955', 'lon': '-93.23526', 'name': 'Ear Falls', 'admin1': 'Ontario', 'admin2': '', 'cc': 'CA'}]"
58054,"[{'lat': '24.59653', 'lon': '-81.66009', 'name': 'Big Coppitt Key', 'admin1': 'Florida', 'admin2': 'Monroe County', 'cc': 'US'}]"
58225,"[{'lat': '36.41362', 'lon': '94.8157', 'name': 'Guolemude', 'admin1': 'Heilongjiang Sheng', 'admin2': '', 'cc': 'CN'}]"
58474,"[{'lat': '36.41362', 'lon': '94.8157', 'name': 'Guolemude', 'admin1': 'Heilongjiang Sheng', 'admin2': '', 'cc': 'CN'}]"
58577,"[{'lat': '36.41362', 'lon': '94.8157', 'name': 'Guolemude', 'admin1': 'Heilongjiang Sheng', 'admin2': '', 'cc': 'CN'}]"
59481,"[{'lat': '24.71375', 'lon': '-81.09035', 'name': 'Marathon', 'admin1': 'Florida', 'admin2': 'Monroe County', 'cc': 'US'}]"
59819,"[{'lat': '36.41362', 'lon': '94.8157', 'name': 'Guolemude', 'admin1': 'Heilongjiang Sheng', 'admin2': '', 'cc': 'CN'}]"
61954,"[{'lat': '24.59653', 'lon': '-81.66009', 'name': 'Big Coppitt Key', 'admin1': 'Florida', 'admin2': 'Monroe County', 'cc': 'US'}]"
62319,"[{'lat': '24.9243', 'lon': '-80.62784', 'name': 'Islamorada', 'admin1': 'Florida', 'admin2': 'Monroe County', 'cc': 'US'}]"
63969,"[{'lat': '24.59653', 'lon': '-81.66009', 'name': 'Big Coppitt Key', 'admin1': 'Florida', 'admin2': 'Monroe County', 'cc': 'US'}]"
63972,"[{'lat': '36.41362', 'lon': '94.8157', 'name': 'Guolemude', 'admin1': 'Heilongjiang Sheng', 'admin2': '', 'cc': 'CN'}]"
64071,"[{'lat': '36.41362', 'lon': '94.8157', 'name': 'Guolemude', 'admin1': 'Heilongjiang Sheng', 'admin2': '', 'cc': 'CN'}]"
65301,"[{'lat': '22.14226', 'lon': '-159.31388', 'name': 'Anahola', 'admin1': 'Hawaii', 'admin2': 'Kauai County', 'cc': 'US'}]"
65780,"[{'lat': '36.41362', 'lon': '94.8157', 'name': 'Guolemude', 'admin1': 'Heilongjiang Sheng', 'admin2': '', 'cc': 'CN'}]"
66140,"[{'lat': '36.41362', 'lon': '94.8157', 'name': 'Guolemude', 'admin1': 'Heilongjiang Sheng', 'admin2': '', 'cc': 'CN'}]"
66620,"[{'lat': '36.41362', 'lon': '94.8157', 'name': 'Guolemude', 'admin1': 'Heilongjiang Sheng', 'admin2': '', 'cc': 'CN'}]"
66951,"[{'lat': '36.41362', 'lon': '94.8157', 'name': 'Guolemude', 'admin1': 'Heilongjiang Sheng', 'admin2': '', 'cc': 'CN'}]"
67952,"[{'lat': '36.41362', 'lon': '94.8157', 'name': 'Guolemude', 'admin1': 'Heilongjiang Sheng', 'admin2': '', 'cc': 'CN'}]"
68139,"[{'lat': '24.56709', 'lon': '-81.73842', 'name': 'Stock Island', 'admin1': 'Florida', 'admin2': 'Monroe County', 'cc': 'US'}]"
68857,"[{'lat': '36.41362', 'lon': '94.8157', 'name': 'Guolemude', 'admin1': 'Heilongjiang Sheng', 'admin2': '', 'cc': 'CN'}]"
69719,"[{'lat': '24.59653', 'lon': '-81.66009', 'name': 'Big Coppitt Key', 'admin1': 'Florida', 'admin2': 'Monroe County', 'cc': 'US'}]"
69804,"[{'lat': '24.67153', 'lon': '-81.49842', 'name': 'Cudjoe Key', 'admin1': 'Florida', 'admin2': 'Monroe County', 'cc': 'US'}]"
70025,"[{'lat': '24.59653', 'lon': '-81.66009', 'name': 'Big Coppitt Key', 'admin1': 'Florida', 'admin2': 'Monroe County', 'cc': 'US'}]"
70510,"[{'lat': '36.41362', 'lon': '94.8157', 'name': 'Guolemude', 'admin1': 'Heilongjiang Sheng', 'admin2': '', 'cc': 'CN'}]"
70567,"[{'lat': '24.56709', 'lon': '-81.73842', 'name': 'Stock Island', 'admin1': 'Florida', 'admin2': 'Monroe County', 'cc': 'US'}]"
72136,"[{'lat': '24.59653', 'lon': '-81.66009', 'name': 'Big Coppitt Key', 'admin1': 'Florida', 'admin2': 'Monroe County', 'cc': 'US'}]"
72190,"[{'lat': '36.41362', 'lon': '94.8157', 'name': 'Guolemude', 'admin1': 'Heilongjiang Sheng', 'admin2': '', 'cc': 'CN'}]"
73334,"[{'lat': '24.56709', 'lon': '-81.73842', 'name': 'Stock Island', 'admin1': 'Florida', 'admin2': 'Monroe County', 'cc': 'US'}]"
73392,"[{'lat': '36.41362', 'lon': '94.8157', 'name': 'Guolemude', 'admin1': 'Heilongjiang Sheng', 'admin2': '', 'cc': 'CN'}]"
73774,"[{'lat': '24.59653', 'lon': '-81.66009', 'name': 'Big Coppitt Key', 'admin1': 'Florida', 'admin2': 'Monroe County', 'cc': 'US'}]"
73786,"[{'lat': '36.41362', 'lon': '94.8157', 'name': 'Guolemude', 'admin1': 'Heilongjiang Sheng', 'admin2': '', 'cc': 'CN'}]"
74644,"[{'lat': '36.41362', 'lon': '94.8157', 'name': 'Guolemude', 'admin1': 'Heilongjiang Sheng', 'admin2': '', 'cc': 'CN'}]"
75462,"[{'lat': '36.41362', 'lon': '94.8157', 'name': 'Guolemude', 'admin1': 'Heilongjiang Sheng', 'admin2': '', 'cc': 'CN'}]"
75479,"[{'lat': '24.56709', 'lon': '-81.73842', 'name': 'Stock Island', 'admin1': 'Florida', 'admin2': 'Monroe County', 'cc': 'US'}]"
75789,"[{'lat': '24.56709', 'lon': '-81.73842', 'name': 'Stock Island', 'admin1': 'Florida', 'admin2': 'Monroe County', 'cc': 'US'}]"
75880,"[{'lat': '24.67153', 'lon': '-81.49842', 'name': 'Cudjoe Key', 'admin1': 'Florida', 'admin2': 'Monroe County', 'cc': 'US'}]"
76027,"[{'lat': '24.5557', 'lon': '-81.78259', 'name': 'Key West', 'admin1': 'Florida', 'admin2': 'Monroe County', 'cc': 'US'}]"
76724,"[{'lat': '36.41362', 'lon': '94.8157', 'name': 'Guolemude', 'admin1': 'Heilongjiang Sheng', 'admin2': '', 'cc': 'CN'}]"
77375,"[{'lat': '22.21208', 'lon': '-159.41342', 'name': 'Kilauea', 'admin1': 'Hawaii', 'admin2': 'Kauai County', 'cc': 'US'}]"
77714,"[{'lat': '24.59653', 'lon': '-81.66009', 'name': 'Big Coppitt Key', 'admin1': 'Florida', 'admin2': 'Monroe County', 'cc': 'US'}]"
78183,"[{'lat': '-27.11124', 'lon': '-109.35053', 'name': 'Ostrov Paskhi', 'admin1': '', 'admin2': '', 'cc': 'CL'}]"
78222,"[{'lat': '36.41362', 'lon': '94.8157', 'name': 'Guolemude', 'admin1': 'Heilongjiang Sheng', 'admin2': '', 'cc': 'CN'}]"
78348,"[{'lat': '24.56709', 'lon': '-81.73842', 'name': 'Stock Island', 'admin1': 'Florida', 'admin2': 'Monroe County', 'cc': 'US'}]"
78591,"[{'lat': '24.59653', 'lon': '-81.66009', 'name': 'Big Coppitt Key', 'admin1': 'Florida', 'admin2': 'Monroe County', 'cc': 'US'}]"
78792,"[{'lat': '24.59653', 'lon': '-81.66009', 'name': 'Big Coppitt Key', 'admin1': 'Florida', 'admin2': 'Monroe County', 'cc': 'US'}]"
80799,"[{'lat': '24.56709', 'lon': '-81.73842', 'name': 'Stock Island', 'admin1': 'Florida', 'admin2': 'Monroe County', 'cc': 'US'}]"
80859,"[{'lat': '36.41362', 'lon': '94.8157', 'name': 'Guolemude', 'admin1': 'Heilongjiang Sheng', 'admin2': '', 'cc': 'CN'}]"
81503,"[{'lat': '4.86992', 'lon': '-2.24046', 'name': 'Axim', 'admin1': 'Western', 'admin2': '', 'cc': 'GH'}]"
81953,"[{'lat': '36.41362', 'lon': '94.8157', 'name': 'Guolemude', 'admin1': 'Heilongjiang Sheng', 'admin2': '', 'cc': 'CN'}]"
82172,"[{'lat': '36.41362', 'lon': '94.8157', 'name': 'Guolemude', 'admin1': 'Heilongjiang Sheng', 'admin2': '', 'cc': 'CN'}]"
82615,"[{'lat': '36.41362', 'lon': '94.8157', 'name': 'Guolemude', 'admin1': 'Heilongjiang Sheng', 'admin2': '', 'cc': 'CN'}]"
83457,"[{'lat': '36.41362', 'lon': '94.8157', 'name': 'Guolemude', 'admin1': 'Heilongjiang Sheng', 'admin2': '', 'cc': 'CN'}]"
83481,"[{'lat': '24.59653', 'lon': '-81.66009', 'name': 'Big Coppitt Key', 'admin1': 'Florida', 'admin2': 'Monroe County', 'cc': 'US'}]"
84739,"[{'lat': '24.66987', 'lon': '-81.35397', 'name': 'Big Pine Key', 'admin1': 'Florida', 'admin2': 'Monroe County', 'cc': 'US'}]"
86343,"[{'lat': '24.67153', 'lon': '-81.49842', 'name': 'Cudjoe Key', 'admin1': 'Florida', 'admin2': 'Monroe County', 'cc': 'US'}]"
86830,"[{'lat': '24.56709', 'lon': '-81.73842', 'name': 'Stock Island', 'admin1': 'Florida', 'admin2': 'Monroe County', 'cc': 'US'}]"
88235,"[{'lat': '24.53972', 'lon': '-104.32707', 'name': 'Panuco de Coronado', 'admin1': 'Durango', 'admin2': '', 'cc': 'MX'}]"
90258,"[{'lat': '24.56709', 'lon': '-81.73842', 'name': 'Stock Island', 'admin1': 'Florida', 'admin2': 'Monroe County', 'cc': 'US'}]"
91021,"[{'lat': '24.59653', 'lon': '-81.66009', 'name': 'Big Coppitt Key', 'admin1': 'Florida', 'admin2': 'Monroe County', 'cc': 'US'}]"
92237,"[{'lat': '24.59653', 'lon': '-81.66009', 'name': 'Big Coppitt Key', 'admin1': 'Florida', 'admin2': 'Monroe County', 'cc': 'US'}]"
92349,"[{'lat': '36.41362', 'lon': '94.8157', 'name': 'Guolemude', 'admin1': 'Heilongjiang Sheng', 'admin2': '', 'cc': 'CN'}]"
92364,"[{'lat': '24.59653', 'lon': '-81.66009', 'name': 'Big Coppitt Key', 'admin1': 'Florida', 'admin2': 'Monroe County', 'cc': 'US'}]"
94524,"[{'lat': '24.56709', 'lon': '-81.73842', 'name': 'Stock Island', 'admin1': 'Florida', 'admin2': 'Monroe County', 'cc': 'US'}]"
94776,"[{'lat': '24.56709', 'lon': '-81.73842', 'name': 'Stock Island', 'admin1': 'Florida', 'admin2': 'Monroe County', 'cc': 'US'}]"
96266,"[{'lat': '24.59653', 'lon': '-81.66009', 'name': 'Big Coppitt Key', 'admin1': 'Florida', 'admin2': 'Monroe County', 'cc': 'US'}]"
96321,"[{'lat': '36.41362', 'lon': '94.8157', 'name': 'Guolemude', 'admin1': 'Heilongjiang Sheng', 'admin2': '', 'cc': 'CN'}]"
96365,"[{'lat': '36.41362', 'lon': '94.8157', 'name': 'Guolemude', 'admin1': 'Heilongjiang Sheng', 'admin2': '', 'cc': 'CN'}]"
96653,"[{'lat': '24.56709', 'lon': '-81.73842', 'name': 'Stock Island', 'admin1': 'Florida', 'admin2': 'Monroe County', 'cc': 'US'}]"
97101,"[{'lat': '24.56709', 'lon': '-81.73842', 'name': 'Stock Island', 'admin1': 'Florida', 'admin2': 'Monroe County', 'cc': 'US'}]"
97614,"[{'lat': '36.41362', 'lon': '94.8157', 'name': 'Guolemude', 'admin1': 'Heilongjiang Sheng', 'admin2': '', 'cc': 'CN'}]"
98126,"[{'lat': '36.41362', 'lon': '94.8157', 'name': 'Guolemude', 'admin1': 'Heilongjiang Sheng', 'admin2': '', 'cc': 'CN'}]"
98411,"[{'lat': '24.56709', 'lon': '-81.73842', 'name': 'Stock Island', 'admin1': 'Florida', 'admin2': 'Monroe County', 'cc': 'US'}]"
98734,"[{'lat': '24.71375', 'lon': '-81.09035', 'name': 'Marathon', 'admin1': 'Florida', 'admin2': 'Monroe County', 'cc': 'US'}]"
99321,"[{'lat': '24.71375', 'lon': '-81.09035', 'name': 'Marathon', 'admin1': 'Florida', 'admin2': 'Monroe County', 'cc': 'US'}]"
99818,"[{'lat': '24.71375', 'lon': '-81.09035', 'name': 'Marathon', 'admin1': 'Florida', 'admin2': 'Monroe County', 'cc': 'US'}]"
100618,"[{'lat': '24.59653', 'lon': '-81.66009', 'name': 'Big Coppitt Key', 'admin1': 'Florida', 'admin2': 'Monroe County', 'cc': 'US'}]"
100647,"[{'lat': '24.9243', 'lon': '-80.62784', 'name': 'Islamorada', 'admin1': 'Florida', 'admin2': 'Monroe County', 'cc': 'US'}]"
101003,"[{'lat': '36.41362', 'lon': '94.8157', 'name': 'Guolemude', 'admin1': 'Heilongjiang Sheng', 'admin2': '', 'cc': 'CN'}]"
101659,"[{'lat': '24.59653', 'lon': '-81.66009', 'name': 'Big Coppitt Key', 'admin1': 'Florida', 'admin2': 'Monroe County', 'cc': 'US'}]"
101750,"[{'lat': '24.71375', 'lon': '-81.09035', 'name': 'Marathon', 'admin1': 'Florida', 'admin2': 'Monroe County', 'cc': 'US'}]"
103043,"[{'lat': '24.59653', 'lon': '-81.66009', 'name': 'Big Coppitt Key', 'admin1': 'Florida', 'admin2': 'Monroe County', 'cc': 'US'}]"
103196,"[{'lat': '70.25528', 'lon': '-148.33722', 'name': 'Prudhoe Bay', 'admin1': 'Alaska', 'admin2': 'North Slope Borough', 'cc': 'US'}]"
104224,"[{'lat': '24.56709', 'lon': '-81.73842', 'name': 'Stock Island', 'admin1': 'Florida', 'admin2': 'Monroe County', 'cc': 'US'}]"
104601,"[{'lat': '36.41362', 'lon': '94.8157', 'name': 'Guolemude', 'admin1': 'Heilongjiang Sheng', 'admin2': '', 'cc': 'CN'}]"
105360,"[{'lat': '24.56709', 'lon': '-81.73842', 'name': 'Stock Island', 'admin1': 'Florida', 'admin2': 'Monroe County', 'cc': 'US'}]"
105464,"[{'lat': '36.41362', 'lon': '94.8157', 'name': 'Guolemude', 'admin1': 'Heilongjiang Sheng', 'admin2': '', 'cc': 'CN'}]"
105657,"[{'lat': '24.59653', 'lon': '-81.66009', 'name': 'Big Coppitt Key', 'admin1': 'Florida', 'admin2': 'Monroe County', 'cc': 'US'}]"
106392,"[{'lat': '24.9243', 'lon': '-80.62784', 'name': 'Islamorada', 'admin1': 'Florida', 'admin2': 'Monroe County', 'cc': 'US'}]"
107847,"[{'lat': '24.59653', 'lon': '-81.66009', 'name': 'Big Coppitt Key', 'admin1': 'Florida', 'admin2': 'Monroe County', 'cc': 'US'}]"
109356,"[{'lat': '24.56709', 'lon': '-81.73842', 'name': 'Stock Island', 'admin1': 'Florida', 'admin2': 'Monroe County', 'cc': 'US'}]"
109935,"[{'lat': '24.5557', 'lon': '-81.78259', 'name': 'Key West', 'admin1': 'Florida', 'admin2': 'Monroe County', 'cc': 'US'}]"
109948,"[{'lat': '36.41362', 'lon': '94.8157', 'name': 'Guolemude', 'admin1': 'Heilongjiang Sheng', 'admin2': '', 'cc': 'CN'}]"
110326,"[{'lat': '24.67153', 'lon': '-81.49842', 'name': 'Cudjoe Key', 'admin1': 'Florida', 'admin2': 'Monroe County', 'cc': 'US'}]"
110664,"[{'lat': '24.56709', 'lon': '-81.73842', 'name': 'Stock Island', 'admin1': 'Florida', 'admin2': 'Monroe County', 'cc': 'US'}]"
110666,"[{'lat': '24.56709', 'lon': '-81.73842', 'name': 'Stock Island', 'admin1': 'Florida', 'admin2': 'Monroe County', 'cc': 'US'}]"
110985,"[{'lat': '36.41362', 'lon': '94.8157', 'name': 'Guolemude', 'admin1': 'Heilongjiang Sheng', 'admin2': '', 'cc': 'CN'}]"
111116,"[{'lat': '24.59653', 'lon': '-81.66009', 'name': 'Big Coppitt Key', 'admin1': 'Florida', 'admin2': 'Monroe County', 'cc': 'US'}]"
111344,"[{'lat': '24.59653', 'lon': '-81.66009', 'name': 'Big Coppitt Key', 'admin1': 'Florida', 'admin2': 'Monroe County', 'cc': 'US'}]"
112193,"[{'lat': '70.25528', 'lon': '-148.33722', 'name': 'Prudhoe Bay', 'admin1': 'Alaska', 'admin2': 'North Slope Borough', 'cc': 'US'}]"
112401,"[{'lat': '36.41362', 'lon': '94.8157', 'name': 'Guolemude', 'admin1': 'Heilongjiang Sheng', 'admin2': '', 'cc': 'CN'}]"
112484,"[{'lat': '24.59653', 'lon': '-81.66009', 'name': 'Big Coppitt Key', 'admin1': 'Florida', 'admin2': 'Monroe County', 'cc': 'US'}]"
113019,"[{'lat': '36.41362', 'lon': '94.8157', 'name': 'Guolemude', 'admin1': 'Heilongjiang Sheng', 'admin2': '', 'cc': 'CN'}]"
113802,"[{'lat': '36.41362', 'lon': '94.8157', 'name': 'Guolemude', 'admin1': 'Heilongjiang Sheng', 'admin2': '', 'cc': 'CN'}]"
115701,"[{'lat': '24.56709', 'lon': '-81.73842', 'name': 'Stock Island', 'admin1': 'Florida', 'admin2': 'Monroe County', 'cc': 'US'}]"
115926,"[{'lat': '24.5557', 'lon': '-81.78259', 'name': 'Key West', 'admin1': 'Florida', 'admin2': 'Monroe County', 'cc': 'US'}]"
115934,"[{'lat': '24.56709', 'lon': '-81.73842', 'name': 'Stock Island', 'admin1': 'Florida', 'admin2': 'Monroe County', 'cc': 'US'}]"
116281,"[{'lat': '24.56709', 'lon': '-81.73842', 'name': 'Stock Island', 'admin1': 'Florida', 'admin2': 'Monroe County', 'cc': 'US'}]"
117263,"[{'lat': '24.56709', 'lon': '-81.73842', 'name': 'Stock Island', 'admin1': 'Florida', 'admin2': 'Monroe County', 'cc': 'US'}]"
118047,"[{'lat': '24.56709', 'lon': '-81.73842', 'name': 'Stock Island', 'admin1': 'Florida', 'admin2': 'Monroe County', 'cc': 'US'}]"
118344,"[{'lat': '24.5557', 'lon': '-81.78259', 'name': 'Key West', 'admin1': 'Florida', 'admin2': 'Monroe County', 'cc': 'US'}]"
118429,"[{'lat': '24.59653', 'lon': '-81.66009', 'name': 'Big Coppitt Key', 'admin1': 'Florida', 'admin2': 'Monroe County', 'cc': 'US'}]"
119251,"[{'lat': '24.56709', 'lon': '-81.73842', 'name': 'Stock Island', 'admin1': 'Florida', 'admin2': 'Monroe County', 'cc': 'US'}]"
119813,"[{'lat': '24.5557', 'lon': '-81.78259', 'name': 'Key West', 'admin1': 'Florida', 'admin2': 'Monroe County', 'cc': 'US'}]"
121031,"[{'lat': '36.41362', 'lon': '94.8157', 'name': 'Guolemude', 'admin1': 'Heilongjiang Sheng', 'admin2': '', 'cc': 'CN'}]"
121585,"[{'lat': '36.41362', 'lon': '94.8157', 'name': 'Guolemude', 'admin1': 'Heilongjiang Sheng', 'admin2': '', 'cc': 'CN'}]"
122118,"[{'lat': '24.56709', 'lon': '-81.73842', 'name': 'Stock Island', 'admin1': 'Florida', 'admin2': 'Monroe County', 'cc': 'US'}]"
122550,"[{'lat': '36.41362', 'lon': '94.8157', 'name': 'Guolemude', 'admin1': 'Heilongjiang Sheng', 'admin2': '', 'cc': 'CN'}]"
122755,"[{'lat': '36.41362', 'lon': '94.8157', 'name': 'Guolemude', 'admin1': 'Heilongjiang Sheng', 'admin2': '', 'cc': 'CN'}]"
124034,"[{'lat': '24.9243', 'lon': '-80.62784', 'name': 'Islamorada', 'admin1': 'Florida', 'admin2': 'Monroe County', 'cc': 'US'}]"
124740,"[{'lat': '36.41362', 'lon': '94.8157', 'name': 'Guolemude', 'admin1': 'Heilongjiang Sheng', 'admin2': '', 'cc': 'CN'}]"
125212,"[{'lat': '24.9243', 'lon': '-80.62784', 'name': 'Islamorada', 'admin1': 'Florida', 'admin2': 'Monroe County', 'cc': 'US'}]"
126143,"[{'lat': '24.56709', 'lon': '-81.73842', 'name': 'Stock Island', 'admin1': 'Florida', 'admin2': 'Monroe County', 'cc': 'US'}]"
126194,"[{'lat': '24.59653', 'lon': '-81.66009', 'name': 'Big Coppitt Key', 'admin1': 'Florida', 'admin2': 'Monroe County', 'cc': 'US'}]"
127410,"[{'lat': '24.59653', 'lon': '-81.66009', 'name': 'Big Coppitt Key', 'admin1': 'Florida', 'admin2': 'Monroe County', 'cc': 'US'}]"
127748,"[{'lat': '24.56709', 'lon': '-81.73842', 'name': 'Stock Island', 'admin1': 'Florida', 'admin2': 'Monroe County', 'cc': 'US'}]"
128591,"[{'lat': '4.86992', 'lon': '-2.24046', 'name': 'Axim', 'admin1': 'Western', 'admin2': '', 'cc': 'GH'}]"
129090,"[{'lat': '36.41362', 'lon': '94.8157', 'name': 'Guolemude', 'admin1': 'Heilongjiang Sheng', 'admin2': '', 'cc': 'CN'}]"
129165,"[{'lat': '36.41362', 'lon': '94.8157', 'name': 'Guolemude', 'admin1': 'Heilongjiang Sheng', 'admin2': '', 'cc': 'CN'}]"
129517,"[{'lat': '24.59653', 'lon': '-81.66009', 'name': 'Big Coppitt Key', 'admin1': 'Florida', 'admin2': 'Monroe County', 'cc': 'US'}]"
130030,"[{'lat': '36.41362', 'lon': '94.8157', 'name': 'Guolemude', 'admin1': 'Heilongjiang Sheng', 'admin2': '', 'cc': 'CN'}]"
130076,"[{'lat': '36.41362', 'lon': '94.8157', 'name': 'Guolemude', 'admin1': 'Heilongjiang Sheng', 'admin2': '', 'cc': 'CN'}]"
130143,"[{'lat': '36.41362', 'lon': '94.8157', 'name': 'Guolemude', 'admin1': 'Heilongjiang Sheng', 'admin2': '', 'cc': 'CN'}]"
130565,"[{'lat': '24.56709', 'lon': '-81.73842', 'name': 'Stock Island', 'admin1': 'Florida', 'admin2': 'Monroe County', 'cc': 'US'}]"
131395,"[{'lat': '24.71375', 'lon': '-81.09035', 'name': 'Marathon', 'admin1': 'Florida', 'admin2': 'Monroe County', 'cc': 'US'}]"
132363,"[{'lat': '24.5557', 'lon': '-81.78259', 'name': 'Key West', 'admin1': 'Florida', 'admin2': 'Monroe County', 'cc': 'US'}]"
132376,"[{'lat': '16.01793', 'lon': '-16.48962', 'name': 'Saint-Louis', 'admin1': 'Saint-Louis', 'admin2': '', 'cc': 'SN'}]"
132431,"[{'lat': '36.41362', 'lon': '94.8157', 'name': 'Guolemude', 'admin1': 'Heilongjiang Sheng', 'admin2': '', 'cc': 'CN'}]"
132639,"[{'lat': '24.56709', 'lon': '-81.73842', 'name': 'Stock Island', 'admin1': 'Florida', 'admin2': 'Monroe County', 'cc': 'US'}]"
132887,"[{'lat': '36.41362', 'lon': '94.8157', 'name': 'Guolemude', 'admin1': 'Heilongjiang Sheng', 'admin2': '', 'cc': 'CN'}]"
134322,"[{'lat': '24.67153', 'lon': '-81.49842', 'name': 'Cudjoe Key', 'admin1': 'Florida', 'admin2': 'Monroe County', 'cc': 'US'}]"
135883,"[{'lat': '36.41362', 'lon': '94.8157', 'name': 'Guolemude', 'admin1': 'Heilongjiang Sheng', 'admin2': '', 'cc': 'CN'}]"
136287,"[{'lat': '24.56709', 'lon': '-81.73842', 'name': 'Stock Island', 'admin1': 'Florida', 'admin2': 'Monroe County', 'cc': 'US'}]"
136330,"[{'lat': '24.56709', 'lon': '-81.73842', 'name': 'Stock Island', 'admin1': 'Florida', 'admin2': 'Monroe County', 'cc': 'US'}]"
136375,"[{'lat': '24.71375', 'lon': '-81.09035', 'name': 'Marathon', 'admin1': 'Florida', 'admin2': 'Monroe County', 'cc': 'US'}]"
136426,"[{'lat': '24.56709', 'lon': '-81.73842', 'name': 'Stock Island', 'admin1': 'Florida', 'admin2': 'Monroe County', 'cc': 'US'}]"
136649,"[{'lat': '36.41362', 'lon': '94.8157', 'name': 'Guolemude', 'admin1': 'Heilongjiang Sheng', 'admin2': '', 'cc': 'CN'}]"
136712,"[{'lat': '22.36667', 'lon': '-72.96667', 'name': ""Abraham's Bay"", 'admin1': 'Mayaguana', 'admin2': '', 'cc': 'BS'}]"
137361,"[{'lat': '36.41362', 'lon': '94.8157', 'name': 'Guolemude', 'admin1': 'Heilongjiang Sheng', 'admin2': '', 'cc': 'CN'}]"
137618,"[{'lat': '36.41362', 'lon': '94.8157', 'name': 'Guolemude', 'admin1': 'Heilongjiang Sheng', 'admin2': '', 'cc': 'CN'}]"
138280,"[{'lat': '36.41362', 'lon': '94.8157', 'name': 'Guolemude', 'admin1': 'Heilongjiang Sheng', 'admin2': '', 'cc': 'CN'}]"
139569,"[{'lat': '36.41362', 'lon': '94.8157', 'name': 'Guolemude', 'admin1': 'Heilongjiang Sheng', 'admin2': '', 'cc': 'CN'}]"
139750,"[{'lat': '36.41362', 'lon': '94.8157', 'name': 'Guolemude', 'admin1': 'Heilongjiang Sheng', 'admin2': '', 'cc': 'CN'}]"
140709,"[{'lat': '36.41362', 'lon': '94.8157', 'name': 'Guolemude', 'admin1': 'Heilongjiang Sheng', 'admin2': '', 'cc': 'CN'}]"
141287,"[{'lat': '36.41362', 'lon': '94.8157', 'name': 'Guolemude', 'admin1': 'Heilongjiang Sheng', 'admin2': '', 'cc': 'CN'}]"
141765,"[{'lat': '24.56709', 'lon': '-81.73842', 'name': 'Stock Island', 'admin1': 'Florida', 'admin2': 'Monroe County', 'cc': 'US'}]"
142019,"[{'lat': '24.56709', 'lon': '-81.73842', 'name': 'Stock Island', 'admin1': 'Florida', 'admin2': 'Monroe County', 'cc': 'US'}]"
142278,"[{'lat': '36.41362', 'lon': '94.8157', 'name': 'Guolemude', 'admin1': 'Heilongjiang Sheng', 'admin2': '', 'cc': 'CN'}]"
145107,"[{'lat': '36.41362', 'lon': '94.8157', 'name': 'Guolemude', 'admin1': 'Heilongjiang Sheng', 'admin2': '', 'cc': 'CN'}]"
146171,"[{'lat': '70.25528', 'lon': '-148.33722', 'name': 'Prudhoe Bay', 'admin1': 'Alaska', 'admin2': 'North Slope Borough', 'cc': 'US'}]"
146252,"[{'lat': '24.56709', 'lon': '-81.73842', 'name': 'Stock Island', 'admin1': 'Florida', 'admin2': 'Monroe County', 'cc': 'US'}]"
147033,"[{'lat': '36.41362', 'lon': '94.8157', 'name': 'Guolemude', 'admin1': 'Heilongjiang Sheng', 'admin2': '', 'cc': 'CN'}]"
147261,"[{'lat': '24.59653', 'lon': '-81.66009', 'name': 'Big Coppitt Key', 'admin1': 'Florida', 'admin2': 'Monroe County', 'cc': 'US'}]"
147517,"[{'lat': '24.56709', 'lon': '-81.73842', 'name': 'Stock Island', 'admin1': 'Florida', 'admin2': 'Monroe County', 'cc': 'US'}]"
148062,"[{'lat': '36.41362', 'lon': '94.8157', 'name': 'Guolemude', 'admin1': 'Heilongjiang Sheng', 'admin2': '', 'cc': 'CN'}]"
148337,"[{'lat': '36.41362', 'lon': '94.8157', 'name': 'Guolemude', 'admin1': 'Heilongjiang Sheng', 'admin2': '', 'cc': 'CN'}]"
148366,"[{'lat': '24.59653', 'lon': '-81.66009', 'name': 'Big Coppitt Key', 'admin1': 'Florida', 'admin2': 'Monroe County', 'cc': 'US'}]"
148737,"[{'lat': '24.59653', 'lon': '-81.66009', 'name': 'Big Coppitt Key', 'admin1': 'Florida', 'admin2': 'Monroe County', 'cc': 'US'}]"
148827,"[{'lat': '24.5557', 'lon': '-81.78259', 'name': 'Key West', 'admin1': 'Florida', 'admin2': 'Monroe County', 'cc': 'US'}]"
148868,"[{'lat': '24.9243', 'lon': '-80.62784', 'name': 'Islamorada', 'admin1': 'Florida', 'admin2': 'Monroe County', 'cc': 'US'}]"
148998,"[{'lat': '36.41362', 'lon': '94.8157', 'name': 'Guolemude', 'admin1': 'Heilongjiang Sheng', 'admin2': '', 'cc': 'CN'}]"
149812,"[{'lat': '24.5557', 'lon': '-81.78259', 'name': 'Key West', 'admin1': 'Florida', 'admin2': 'Monroe County', 'cc': 'US'}]"
150919,"[{'lat': '50.63955', 'lon': '-93.23526', 'name': 'Ear Falls', 'admin1': 'Ontario', 'admin2': '', 'cc': 'CA'}]"
151531,"[{'lat': '24.9243', 'lon': '-80.62784', 'name': 'Islamorada', 'admin1': 'Florida', 'admin2': 'Monroe County', 'cc': 'US'}]"
151863,"[{'lat': '24.56709', 'lon': '-81.73842', 'name': 'Stock Island', 'admin1': 'Florida', 'admin2': 'Monroe County', 'cc': 'US'}]"
153070,"[{'lat': '24.59653', 'lon': '-81.66009', 'name': 'Big Coppitt Key', 'admin1': 'Florida', 'admin2': 'Monroe County', 'cc': 'US'}]"
153522,"[{'lat': '24.59653', 'lon': '-81.66009', 'name': 'Big Coppitt Key', 'admin1': 'Florida', 'admin2': 'Monroe County', 'cc': 'US'}]"
155449,"[{'lat': '36.41362', 'lon': '94.8157', 'name': 'Guolemude', 'admin1': 'Heilongjiang Sheng', 'admin2': '', 'cc': 'CN'}]"
155641,"[{'lat': '-9.8', 'lon': '-139.03333', 'name': 'Atuona', 'admin1': '', 'admin2': '', 'cc': 'PF'}]"
156168,"[{'lat': '36.41362', 'lon': '94.8157', 'name': 'Guolemude', 'admin1': 'Heilongjiang Sheng', 'admin2': '', 'cc': 'CN'}]"
156632,"[{'lat': '36.41362', 'lon': '94.8157', 'name': 'Guolemude', 'admin1': 'Heilongjiang Sheng', 'admin2': '', 'cc': 'CN'}]"
157295,"[{'lat': '24.56709', 'lon': '-81.73842', 'name': 'Stock Island', 'admin1': 'Florida', 'admin2': 'Monroe County', 'cc': 'US'}]"
158755,"[{'lat': '36.41362', 'lon': '94.8157', 'name': 'Guolemude', 'admin1': 'Heilongjiang Sheng', 'admin2': '', 'cc': 'CN'}]"
158871,"[{'lat': '24.97624', 'lon': '-80.55228', 'name': 'Plantation', 'admin1': 'Florida', 'admin2': 'Monroe County', 'cc': 'US'}]"
159554,"[{'lat': '36.41362', 'lon': '94.8157', 'name': 'Guolemude', 'admin1': 'Heilongjiang Sheng', 'admin2': '', 'cc': 'CN'}]"
159824,"[{'lat': '24.59653', 'lon': '-81.66009', 'name': 'Big Coppitt Key', 'admin1': 'Florida', 'admin2': 'Monroe County', 'cc': 'US'}]"
160099,"[{'lat': '24.67153', 'lon': '-81.49842', 'name': 'Cudjoe Key', 'admin1': 'Florida', 'admin2': 'Monroe County', 'cc': 'US'}]"
161164,"[{'lat': '36.41362', 'lon': '94.8157', 'name': 'Guolemude', 'admin1': 'Heilongjiang Sheng', 'admin2': '', 'cc': 'CN'}]"
161294,"[{'lat': '36.41362', 'lon': '94.8157', 'name': 'Guolemude', 'admin1': 'Heilongjiang Sheng', 'admin2': '', 'cc': 'CN'}]"
161836,"[{'lat': '4.86992', 'lon': '-2.24046', 'name': 'Axim', 'admin1': 'Western', 'admin2': '', 'cc': 'GH'}]"
162361,"[{'lat': '24.59653', 'lon': '-81.66009', 'name': 'Big Coppitt Key', 'admin1': 'Florida', 'admin2': 'Monroe County', 'cc': 'US'}]"
162376,"[{'lat': '70.25528', 'lon': '-148.33722', 'name': 'Prudhoe Bay', 'admin1': 'Alaska', 'admin2': 'North Slope Borough', 'cc': 'US'}]"
163046,"[{'lat': '24.59653', 'lon': '-81.66009', 'name': 'Big Coppitt Key', 'admin1': 'Florida', 'admin2': 'Monroe County', 'cc': 'US'}]"
163266,"[{'lat': '24.56709', 'lon': '-81.73842', 'name': 'Stock Island', 'admin1': 'Florida', 'admin2': 'Monroe County', 'cc': 'US'}]"
164202,"[{'lat': '-43.53333', 'lon': '172.63333', 'name': 'Christchurch', 'admin1': 'Canterbury', 'admin2': 'Christchurch City', 'cc': 'NZ'}]"
164371,"[{'lat': '24.97624', 'lon': '-80.55228', 'name': 'Plantation', 'admin1': 'Florida', 'admin2': 'Monroe County', 'cc': 'US'}]"
164552,"[{'lat': '36.41362', 'lon': '94.8157', 'name': 'Guolemude', 'admin1': 'Heilongjiang Sheng', 'admin2': '', 'cc': 'CN'}]"
164635,"[{'lat': '24.59653', 'lon': '-81.66009', 'name': 'Big Coppitt Key', 'admin1': 'Florida', 'admin2': 'Monroe County', 'cc': 'US'}]"
164669,"[{'lat': '24.56709', 'lon': '-81.73842', 'name': 'Stock Island', 'admin1': 'Florida', 'admin2': 'Monroe County', 'cc': 'US'}]"
165170,"[{'lat': '36.41362', 'lon': '94.8157', 'name': 'Guolemude', 'admin1': 'Heilongjiang Sheng', 'admin2': '', 'cc': 'CN'}]"
165259,"[{'lat': '36.41362', 'lon': '94.8157', 'name': 'Guolemude', 'admin1': 'Heilongjiang Sheng', 'admin2': '', 'cc': 'CN'}]"
165538,"[{'lat': '24.56709', 'lon': '-81.73842', 'name': 'Stock Island', 'admin1': 'Florida', 'admin2': 'Monroe County', 'cc': 'US'}]"
166157,"[{'lat': '36.41362', 'lon': '94.8157', 'name': 'Guolemude', 'admin1': 'Heilongjiang Sheng', 'admin2': '', 'cc': 'CN'}]"
167192,"[{'lat': '36.41362', 'lon': '94.8157', 'name': 'Guolemude', 'admin1': 'Heilongjiang Sheng', 'admin2': '', 'cc': 'CN'}]"
168822,"[{'lat': '36.41362', 'lon': '94.8157', 'name': 'Guolemude', 'admin1': 'Heilongjiang Sheng', 'admin2': '', 'cc': 'CN'}]"
169160,"[{'lat': '3.90806', 'lon': '-159.38832', 'name': 'Napari Village', 'admin1': 'Line Islands', 'admin2': 'Tabuaeran', 'cc': 'KI'}]"
169301,"[{'lat': '24.71375', 'lon': '-81.09035', 'name': 'Marathon', 'admin1': 'Florida', 'admin2': 'Monroe County', 'cc': 'US'}]"
169340,"[{'lat': '24.5557', 'lon': '-81.78259', 'name': 'Key West', 'admin1': 'Florida', 'admin2': 'Monroe County', 'cc': 'US'}]"
169608,"[{'lat': '22.07521', 'lon': '-159.31895', 'name': ""Kapa'a"", 'admin1': 'Hawaii', 'admin2': 'Kauai County', 'cc': 'US'}]"
170032,"[{'lat': '36.41362', 'lon': '94.8157', 'name': 'Guolemude', 'admin1': 'Heilongjiang Sheng', 'admin2': '', 'cc': 'CN'}]"
170279,"[{'lat': '22.21208', 'lon': '-159.41342', 'name': 'Kilauea', 'admin1': 'Hawaii', 'admin2': 'Kauai County', 'cc': 'US'}]"
170836,"[{'lat': '24.56709', 'lon': '-81.73842', 'name': 'Stock Island', 'admin1': 'Florida', 'admin2': 'Monroe County', 'cc': 'US'}]"
170861,"[{'lat': '36.41362', 'lon': '94.8157', 'name': 'Guolemude', 'admin1': 'Heilongjiang Sheng', 'admin2': '', 'cc': 'CN'}]"
171758,"[{'lat': '24.56709', 'lon': '-81.73842', 'name': 'Stock Island', 'admin1': 'Florida', 'admin2': 'Monroe County', 'cc': 'US'}]"
171980,"[{'lat': '24.56709', 'lon': '-81.73842', 'name': 'Stock Island', 'admin1': 'Florida', 'admin2': 'Monroe County', 'cc': 'US'}]"
172439,"[{'lat': '22.07521', 'lon': '-159.31895', 'name': ""Kapa'a"", 'admin1': 'Hawaii', 'admin2': 'Kauai County', 'cc': 'US'}]"
173368,"[{'lat': '22.07521', 'lon': '-159.31895', 'name': ""Kapa'a"", 'admin1': 'Hawaii', 'admin2': 'Kauai County', 'cc': 'US'}]"
173683,"[{'lat': '24.59653', 'lon': '-81.66009', 'name': 'Big Coppitt Key', 'admin1': 'Florida', 'admin2': 'Monroe County', 'cc': 'US'}]"
175978,"[{'lat': '24.59653', 'lon': '-81.66009', 'name': 'Big Coppitt Key', 'admin1': 'Florida', 'admin2': 'Monroe County', 'cc': 'US'}]"
176609,"[{'lat': '36.41362', 'lon': '94.8157', 'name': 'Guolemude', 'admin1': 'Heilongjiang Sheng', 'admin2': '', 'cc': 'CN'}]"
177196,"[{'lat': '36.41362', 'lon': '94.8157', 'name': 'Guolemude', 'admin1': 'Heilongjiang Sheng', 'admin2': '', 'cc': 'CN'}]"
177607,"[{'lat': '24.56709', 'lon': '-81.73842', 'name': 'Stock Island', 'admin1': 'Florida', 'admin2': 'Monroe County', 'cc': 'US'}]"
177707,"[{'lat': '24.5557', 'lon': '-81.78259', 'name': 'Key West', 'admin1': 'Florida', 'admin2': 'Monroe County', 'cc': 'US'}]"
179093,"[{'lat': '24.59653', 'lon': '-81.66009', 'name': 'Big Coppitt Key', 'admin1': 'Florida', 'admin2': 'Monroe County', 'cc': 'US'}]"
179445,"[{'lat': '24.59653', 'lon': '-81.66009', 'name': 'Big Coppitt Key', 'admin1': 'Florida', 'admin2': 'Monroe County', 'cc': 'US'}]"
179632,"[{'lat': '36.41362', 'lon': '94.8157', 'name': 'Guolemude', 'admin1': 'Heilongjiang Sheng', 'admin2': '', 'cc': 'CN'}]"
180485,"[{'lat': '24.66987', 'lon': '-81.35397', 'name': 'Big Pine Key', 'admin1': 'Florida', 'admin2': 'Monroe County', 'cc': 'US'}]"
180579,"[{'lat': '24.56709', 'lon': '-81.73842', 'name': 'Stock Island', 'admin1': 'Florida', 'admin2': 'Monroe County', 'cc': 'US'}]"
180688,"[{'lat': '24.59653', 'lon': '-81.66009', 'name': 'Big Coppitt Key', 'admin1': 'Florida', 'admin2': 'Monroe County', 'cc': 'US'}]"
180736,"[{'lat': '36.41362', 'lon': '94.8157', 'name': 'Guolemude', 'admin1': 'Heilongjiang Sheng', 'admin2': '', 'cc': 'CN'}]"
182195,"[{'lat': '36.41362', 'lon': '94.8157', 'name': 'Guolemude', 'admin1': 'Heilongjiang Sheng', 'admin2': '', 'cc': 'CN'}]"
182326,"[{'lat': '-27.11124', 'lon': '-109.35053', 'name': 'Ostrov Paskhi', 'admin1': '', 'admin2': '', 'cc': 'CL'}]"
182670,"[{'lat': '36.41362', 'lon': '94.8157', 'name': 'Guolemude', 'admin1': 'Heilongjiang Sheng', 'admin2': '', 'cc': 'CN'}]"
183644,"[{'lat': '24.59653', 'lon': '-81.66009', 'name': 'Big Coppitt Key', 'admin1': 'Florida', 'admin2': 'Monroe County', 'cc': 'US'}]"
184175,"[{'lat': '24.56709', 'lon': '-81.73842', 'name': 'Stock Island', 'admin1': 'Florida', 'admin2': 'Monroe County', 'cc': 'US'}]"
184867,"[{'lat': '24.71375', 'lon': '-81.09035', 'name': 'Marathon', 'admin1': 'Florida', 'admin2': 'Monroe County', 'cc': 'US'}]"
185742,"[{'lat': '24.59653', 'lon': '-81.66009', 'name': 'Big Coppitt Key', 'admin1': 'Florida', 'admin2': 'Monroe County', 'cc': 'US'}]"
186104,"[{'lat': '24.9243', 'lon': '-80.62784', 'name': 'Islamorada', 'admin1': 'Florida', 'admin2': 'Monroe County', 'cc': 'US'}]"
186353,"[{'lat': '24.59653', 'lon': '-81.66009', 'name': 'Big Coppitt Key', 'admin1': 'Florida', 'admin2': 'Monroe County', 'cc': 'US'}]"
186496,"[{'lat': '24.56709', 'lon': '-81.73842', 'name': 'Stock Island', 'admin1': 'Florida', 'admin2': 'Monroe County', 'cc': 'US'}]"
186850,"[{'lat': '24.56709', 'lon': '-81.73842', 'name': 'Stock Island', 'admin1': 'Florida', 'admin2': 'Monroe County', 'cc': 'US'}]"
186980,"[{'lat': '24.59653', 'lon': '-81.66009', 'name': 'Big Coppitt Key', 'admin1': 'Florida', 'admin2': 'Monroe County', 'cc': 'US'}]"
187362,"[{'lat': '-25.06597', 'lon': '-130.10147', 'name': 'Adamstown', 'admin1': '', 'admin2': '', 'cc': 'PN'}]"
187417,"[{'lat': '24.59653', 'lon': '-81.66009', 'name': 'Big Coppitt Key', 'admin1': 'Florida', 'admin2': 'Monroe County', 'cc': 'US'}]"
188109,"[{'lat': '36.41362', 'lon': '94.8157', 'name': 'Guolemude', 'admin1': 'Heilongjiang Sheng', 'admin2': '', 'cc': 'CN'}]"
189141,"[{'lat': '24.59653', 'lon': '-81.66009', 'name': 'Big Coppitt Key', 'admin1': 'Florida', 'admin2': 'Monroe County', 'cc': 'US'}]"
189182,"[{'lat': '24.56709', 'lon': '-81.73842', 'name': 'Stock Island', 'admin1': 'Florida', 'admin2': 'Monroe County', 'cc': 'US'}]"
189448,"[{'lat': '36.41362', 'lon': '94.8157', 'name': 'Guolemude', 'admin1': 'Heilongjiang Sheng', 'admin2': '', 'cc': 'CN'}]"
189585,"[{'lat': '24.5557', 'lon': '-81.78259', 'name': 'Key West', 'admin1': 'Florida', 'admin2': 'Monroe County', 'cc': 'US'}]"
189738,"[{'lat': '24.59653', 'lon': '-81.66009', 'name': 'Big Coppitt Key', 'admin1': 'Florida', 'admin2': 'Monroe County', 'cc': 'US'}]"
190825,"[{'lat': '24.56709', 'lon': '-81.73842', 'name': 'Stock Island', 'admin1': 'Florida', 'admin2': 'Monroe County', 'cc': 'US'}]"
191835,"[{'lat': '4.86992', 'lon': '-2.24046', 'name': 'Axim', 'admin1': 'Western', 'admin2': '', 'cc': 'GH'}]"
192248,"[{'lat': '24.56709', 'lon': '-81.73842', 'name': 'Stock Island', 'admin1': 'Florida', 'admin2': 'Monroe County', 'cc': 'US'}]"
193117,"[{'lat': '36.41362', 'lon': '94.8157', 'name': 'Guolemude', 'admin1': 'Heilongjiang Sheng', 'admin2': '', 'cc': 'CN'}]"
193934,"[{'lat': '24.66987', 'lon': '-81.35397', 'name': 'Big Pine Key', 'admin1': 'Florida', 'admin2': 'Monroe County', 'cc': 'US'}]"
195128,"[{'lat': '24.56709', 'lon': '-81.73842', 'name': 'Stock Island', 'admin1': 'Florida', 'admin2': 'Monroe County', 'cc': 'US'}]"
195913,"[{'lat': '24.59653', 'lon': '-81.66009', 'name': 'Big Coppitt Key', 'admin1': 'Florida', 'admin2': 'Monroe County', 'cc': 'US'}]"
196065,"[{'lat': '16.01793', 'lon': '-16.48962', 'name': 'Saint-Louis', 'admin1': 'Saint-Louis', 'admin2': '', 'cc': 'SN'}]"
196559,"[{'lat': '24.56709', 'lon': '-81.73842', 'name': 'Stock Island', 'admin1': 'Florida', 'admin2': 'Monroe County', 'cc': 'US'}]"
196644,"[{'lat': '24.59653', 'lon': '-81.66009', 'name': 'Big Coppitt Key', 'admin1': 'Florida', 'admin2': 'Monroe County', 'cc': 'US'}]"
197328,"[{'lat': '24.71375', 'lon': '-81.09035', 'name': 'Marathon', 'admin1': 'Florida', 'admin2': 'Monroe County', 'cc': 'US'}]"
197401,"[{'lat': '24.56709', 'lon': '-81.73842', 'name': 'Stock Island', 'admin1': 'Florida', 'admin2': 'Monroe County', 'cc': 'US'}]"
198314,"[{'lat': '36.41362', 'lon': '94.8157', 'name': 'Guolemude', 'admin1': 'Heilongjiang Sheng', 'admin2': '', 'cc': 'CN'}]"
198345,"[{'lat': '36.41362', 'lon': '94.8157', 'name': 'Guolemude', 'admin1': 'Heilongjiang Sheng', 'admin2': '', 'cc': 'CN'}]"
199029,"[{'lat': '24.71375', 'lon': '-81.09035', 'name': 'Marathon', 'admin1': 'Florida', 'admin2': 'Monroe County', 'cc': 'US'}]"
199092,"[{'lat': '36.41362', 'lon': '94.8157', 'name': 'Guolemude', 'admin1': 'Heilongjiang Sheng', 'admin2': '', 'cc': 'CN'}]"
200042,"[{'lat': '24.59653', 'lon': '-81.66009', 'name': 'Big Coppitt Key', 'admin1': 'Florida', 'admin2': 'Monroe County', 'cc': 'US'}]"
200362,"[{'lat': '24.59653', 'lon': '-81.66009', 'name': 'Big Coppitt Key', 'admin1': 'Florida', 'admin2': 'Monroe County', 'cc': 'US'}]"
201738,"[{'lat': '36.41362', 'lon': '94.8157', 'name': 'Guolemude', 'admin1': 'Heilongjiang Sheng', 'admin2': '', 'cc': 'CN'}]"
201827,"[{'lat': '36.41362', 'lon': '94.8157', 'name': 'Guolemude', 'admin1': 'Heilongjiang Sheng', 'admin2': '', 'cc': 'CN'}]"
202027,"[{'lat': '24.56709', 'lon': '-81.73842', 'name': 'Stock Island', 'admin1': 'Florida', 'admin2': 'Monroe County', 'cc': 'US'}]"
202369,"[{'lat': '24.59653', 'lon': '-81.66009', 'name': 'Big Coppitt Key', 'admin1': 'Florida', 'admin2': 'Monroe County', 'cc': 'US'}]"
203046,"[{'lat': '24.56709', 'lon': '-81.73842', 'name': 'Stock Island', 'admin1': 'Florida', 'admin2': 'Monroe County', 'cc': 'US'}]"
203377,"[{'lat': '24.5557', 'lon': '-81.78259', 'name': 'Key West', 'admin1': 'Florida', 'admin2': 'Monroe County', 'cc': 'US'}]"
203980,"[{'lat': '36.41362', 'lon': '94.8157', 'name': 'Guolemude', 'admin1': 'Heilongjiang Sheng', 'admin2': '', 'cc': 'CN'}]"
204478,"[{'lat': '36.41362', 'lon': '94.8157', 'name': 'Guolemude', 'admin1': 'Heilongjiang Sheng', 'admin2': '', 'cc': 'CN'}]"
204706,"[{'lat': '24.71375', 'lon': '-81.09035', 'name': 'Marathon', 'admin1': 'Florida', 'admin2': 'Monroe County', 'cc': 'US'}]"
205029,"[{'lat': '36.41362', 'lon': '94.8157', 'name': 'Guolemude', 'admin1': 'Heilongjiang Sheng', 'admin2': '', 'cc': 'CN'}]"
205316,"[{'lat': '36.41362', 'lon': '94.8157', 'name': 'Guolemude', 'admin1': 'Heilongjiang Sheng', 'admin2': '', 'cc': 'CN'}]"
206329,"[{'lat': '24.56709', 'lon': '-81.73842', 'name': 'Stock Island', 'admin1': 'Florida', 'admin2': 'Monroe County', 'cc': 'US'}]"
207323,"[{'lat': '24.59653', 'lon': '-81.66009', 'name': 'Big Coppitt Key', 'admin1': 'Florida', 'admin2': 'Monroe County', 'cc': 'US'}]"
207695,"[{'lat': '36.41362', 'lon': '94.8157', 'name': 'Guolemude', 'admin1': 'Heilongjiang Sheng', 'admin2': '', 'cc': 'CN'}]"
207920,"[{'lat': '24.5557', 'lon': '-81.78259', 'name': 'Key West', 'admin1': 'Florida', 'admin2': 'Monroe County', 'cc': 'US'}]"
208538,"[{'lat': '24.56709', 'lon': '-81.73842', 'name': 'Stock Island', 'admin1': 'Florida', 'admin2': 'Monroe County', 'cc': 'US'}]"
208805,"[{'lat': '24.56709', 'lon': '-81.73842', 'name': 'Stock Island', 'admin1': 'Florida', 'admin2': 'Monroe County', 'cc': 'US'}]"
208818,"[{'lat': '24.56709', 'lon': '-81.73842', 'name': 'Stock Island', 'admin1': 'Florida', 'admin2': 'Monroe County', 'cc': 'US'}]"
208949,"[{'lat': '36.41362', 'lon': '94.8157', 'name': 'Guolemude', 'admin1': 'Heilongjiang Sheng', 'admin2': '', 'cc': 'CN'}]"
209222,"[{'lat': '36.41362', 'lon': '94.8157', 'name': 'Guolemude', 'admin1': 'Heilongjiang Sheng', 'admin2': '', 'cc': 'CN'}]"
210514,"[{'lat': '24.5557', 'lon': '-81.78259', 'name': 'Key West', 'admin1': 'Florida', 'admin2': 'Monroe County', 'cc': 'US'}]"
210995,"[{'lat': '24.56709', 'lon': '-81.73842', 'name': 'Stock Island', 'admin1': 'Florida', 'admin2': 'Monroe County', 'cc': 'US'}]"
211773,"[{'lat': '36.41362', 'lon': '94.8157', 'name': 'Guolemude', 'admin1': 'Heilongjiang Sheng', 'admin2': '', 'cc': 'CN'}]"
211860,"[{'lat': '24.56709', 'lon': '-81.73842', 'name': 'Stock Island', 'admin1': 'Florida', 'admin2': 'Monroe County', 'cc': 'US'}]"
211913,"[{'lat': '24.56709', 'lon': '-81.73842', 'name': 'Stock Island', 'admin1': 'Florida', 'admin2': 'Monroe County', 'cc': 'US'}]"
212145,"[{'lat': '36.41362', 'lon': '94.8157', 'name': 'Guolemude', 'admin1': 'Heilongjiang Sheng', 'admin2': '', 'cc': 'CN'}]"
213104,"[{'lat': '22.07521', 'lon': '-159.31895', 'name': ""Kapa'a"", 'admin1': 'Hawaii', 'admin2': 'Kauai County', 'cc': 'US'}]"
213374,"[{'lat': '36.41362', 'lon': '94.8157', 'name': 'Guolemude', 'admin1': 'Heilongjiang Sheng', 'admin2': '', 'cc': 'CN'}]"
213690,"[{'lat': '24.56709', 'lon': '-81.73842', 'name': 'Stock Island', 'admin1': 'Florida', 'admin2': 'Monroe County', 'cc': 'US'}]"
214591,"[{'lat': '36.41362', 'lon': '94.8157', 'name': 'Guolemude', 'admin1': 'Heilongjiang Sheng', 'admin2': '', 'cc': 'CN'}]"
215361,"[{'lat': '36.41362', 'lon': '94.8157', 'name': 'Guolemude', 'admin1': 'Heilongjiang Sheng', 'admin2': '', 'cc': 'CN'}]"
216196,"[{'lat': '36.41362', 'lon': '94.8157', 'name': 'Guolemude', 'admin1': 'Heilongjiang Sheng', 'admin2': '', 'cc': 'CN'}]"
216209,"[{'lat': '68.62602', 'lon': '-95.87836', 'name': 'Gjoa Haven', 'admin1': 'Nunavut', 'admin2': '', 'cc': 'CA'}]"
216454,"[{'lat': '24.56709', 'lon': '-81.73842', 'name': 'Stock Island', 'admin1': 'Florida', 'admin2': 'Monroe County', 'cc': 'US'}]"
216621,"[{'lat': '24.59653', 'lon': '-81.66009', 'name': 'Big Coppitt Key', 'admin1': 'Florida', 'admin2': 'Monroe County', 'cc': 'US'}]"
217006,"[{'lat': '36.41362', 'lon': '94.8157', 'name': 'Guolemude', 'admin1': 'Heilongjiang Sheng', 'admin2': '', 'cc': 'CN'}]"
217611,"[{'lat': '-9.8', 'lon': '-139.03333', 'name': 'Atuona', 'admin1': '', 'admin2': '', 'cc': 'PF'}]"
217759,"[{'lat': '24.59653', 'lon': '-81.66009', 'name': 'Big Coppitt Key', 'admin1': 'Florida', 'admin2': 'Monroe County', 'cc': 'US'}]"
218757,"[{'lat': '24.56709', 'lon': '-81.73842', 'name': 'Stock Island', 'admin1': 'Florida', 'admin2': 'Monroe County', 'cc': 'US'}]"
222203,"[{'lat': '24.71375', 'lon': '-81.09035', 'name': 'Marathon', 'admin1': 'Florida', 'admin2': 'Monroe County', 'cc': 'US'}]"
222283,"[{'lat': '24.5557', 'lon': '-81.78259', 'name': 'Key West', 'admin1': 'Florida', 'admin2': 'Monroe County', 'cc': 'US'}]"
222613,"[{'lat': '36.41362', 'lon': '94.8157', 'name': 'Guolemude', 'admin1': 'Heilongjiang Sheng', 'admin2': '', 'cc': 'CN'}]"
223313,"[{'lat': '36.41362', 'lon': '94.8157', 'name': 'Guolemude', 'admin1': 'Heilongjiang Sheng', 'admin2': '', 'cc': 'CN'}]"
223339,"[{'lat': '36.41362', 'lon': '94.8157', 'name': 'Guolemude', 'admin1': 'Heilongjiang Sheng', 'admin2': '', 'cc': 'CN'}]"
224149,"[{'lat': '24.59653', 'lon': '-81.66009', 'name': 'Big Coppitt Key', 'admin1': 'Florida', 'admin2': 'Monroe County', 'cc': 'US'}]"
225082,"[{'lat': '24.56709', 'lon': '-81.73842', 'name': 'Stock Island', 'admin1': 'Florida', 'admin2': 'Monroe County', 'cc': 'US'}]"
225112,"[{'lat': '24.56709', 'lon': '-81.73842', 'name': 'Stock Island', 'admin1': 'Florida', 'admin2': 'Monroe County', 'cc': 'US'}]"
226743,"[{'lat': '36.41362', 'lon': '94.8157', 'name': 'Guolemude', 'admin1': 'Heilongjiang Sheng', 'admin2': '', 'cc': 'CN'}]"
226795,"[{'lat': '24.56709', 'lon': '-81.73842', 'name': 'Stock Island', 'admin1': 'Florida', 'admin2': 'Monroe County', 'cc': 'US'}]"
226903,"[{'lat': '36.41362', 'lon': '94.8157', 'name': 'Guolemude', 'admin1': 'Heilongjiang Sheng', 'admin2': '', 'cc': 'CN'}]"
227809,"[{'lat': '24.59653', 'lon': '-81.66009', 'name': 'Big Coppitt Key', 'admin1': 'Florida', 'admin2': 'Monroe County', 'cc': 'US'}]"
227902,"[{'lat': '24.71375', 'lon': '-81.09035', 'name': 'Marathon', 'admin1': 'Florida', 'admin2': 'Monroe County', 'cc': 'US'}]"
228412,"[{'lat': '23.06417', 'lon': '-109.66833', 'name': 'La Playa', 'admin1': 'Baja California Sur', 'admin2': 'Los Cabos', 'cc': 'MX'}]"
228755,"[{'lat': '24.5557', 'lon': '-81.78259', 'name': 'Key West', 'admin1': 'Florida', 'admin2': 'Monroe County', 'cc': 'US'}]"
229075,"[{'lat': '24.59653', 'lon': '-81.66009', 'name': 'Big Coppitt Key', 'admin1': 'Florida', 'admin2': 'Monroe County', 'cc': 'US'}]"
229087,"[{'lat': '24.59653', 'lon': '-81.66009', 'name': 'Big Coppitt Key', 'admin1': 'Florida', 'admin2': 'Monroe County', 'cc': 'US'}]"
229940,"[{'lat': '24.59653', 'lon': '-81.66009', 'name': 'Big Coppitt Key', 'admin1': 'Florida', 'admin2': 'Monroe County', 'cc': 'US'}]"
230899,"[{'lat': '22.14226', 'lon': '-159.31388', 'name': 'Anahola', 'admin1': 'Hawaii', 'admin2': 'Kauai County', 'cc': 'US'}]"
231290,"[{'lat': '36.41362', 'lon': '94.8157', 'name': 'Guolemude', 'admin1': 'Heilongjiang Sheng', 'admin2': '', 'cc': 'CN'}]"
231832,"[{'lat': '24.56709', 'lon': '-81.73842', 'name': 'Stock Island', 'admin1': 'Florida', 'admin2': 'Monroe County', 'cc': 'US'}]"
232166,"[{'lat': '36.41362', 'lon': '94.8157', 'name': 'Guolemude', 'admin1': 'Heilongjiang Sheng', 'admin2': '', 'cc': 'CN'}]"
232177,"[{'lat': '24.71375', 'lon': '-81.09035', 'name': 'Marathon', 'admin1': 'Florida', 'admin2': 'Monroe County', 'cc': 'US'}]"
233107,"[{'lat': '36.41362', 'lon': '94.8157', 'name': 'Guolemude', 'admin1': 'Heilongjiang Sheng', 'admin2': '', 'cc': 'CN'}]"
233202,"[{'lat': '36.41362', 'lon': '94.8157', 'name': 'Guolemude', 'admin1': 'Heilongjiang Sheng', 'admin2': '', 'cc': 'CN'}]"
235108,"[{'lat': '36.41362', 'lon': '94.8157', 'name': 'Guolemude', 'admin1': 'Heilongjiang Sheng', 'admin2': '', 'cc': 'CN'}]"
235153,"[{'lat': '24.59653', 'lon': '-81.66009', 'name': 'Big Coppitt Key', 'admin1': 'Florida', 'admin2': 'Monroe County', 'cc': 'US'}]"
236283,"[{'lat': '24.56709', 'lon': '-81.73842', 'name': 'Stock Island', 'admin1': 'Florida', 'admin2': 'Monroe County', 'cc': 'US'}]"
237417,"[{'lat': '36.41362', 'lon': '94.8157', 'name': 'Guolemude', 'admin1': 'Heilongjiang Sheng', 'admin2': '', 'cc': 'CN'}]"
238077,"[{'lat': '24.59653', 'lon': '-81.66009', 'name': 'Big Coppitt Key', 'admin1': 'Florida', 'admin2': 'Monroe County', 'cc': 'US'}]"
238129,"[{'lat': '24.56709', 'lon': '-81.73842', 'name': 'Stock Island', 'admin1': 'Florida', 'admin2': 'Monroe County', 'cc': 'US'}]"
239237,"[{'lat': '24.59653', 'lon': '-81.66009', 'name': 'Big Coppitt Key', 'admin1': 'Florida', 'admin2': 'Monroe County', 'cc': 'US'}]"
239328,"[{'lat': '24.56709', 'lon': '-81.73842', 'name': 'Stock Island', 'admin1': 'Florida', 'admin2': 'Monroe County', 'cc': 'US'}]"
239413,"[{'lat': '36.41362', 'lon': '94.8157', 'name': 'Guolemude', 'admin1': 'Heilongjiang Sheng', 'admin2': '', 'cc': 'CN'}]"
239901,"[{'lat': '24.56709', 'lon': '-81.73842', 'name': 'Stock Island', 'admin1': 'Florida', 'admin2': 'Monroe County', 'cc': 'US'}]"
240063,"[{'lat': '22.07521', 'lon': '-159.31895', 'name': ""Kapa'a"", 'admin1': 'Hawaii', 'admin2': 'Kauai County', 'cc': 'US'}]"
240228,"[{'lat': '24.56709', 'lon': '-81.73842', 'name': 'Stock Island', 'admin1': 'Florida', 'admin2': 'Monroe County', 'cc': 'US'}]"
240507,"[{'lat': '-37.06757', 'lon': '-12.31155', 'name': 'Edinburgh of the Seven Seas', 'admin1': 'Tristan da Cunha', 'admin2': '', 'cc': 'SH'}]"
241050,"[{'lat': '24.71375', 'lon': '-81.09035', 'name': 'Marathon', 'admin1': 'Florida', 'admin2': 'Monroe County', 'cc': 'US'}]"
241474,"[{'lat': '24.59653', 'lon': '-81.66009', 'name': 'Big Coppitt Key', 'admin1': 'Florida', 'admin2': 'Monroe County', 'cc': 'US'}]"
241726,"[{'lat': '24.71375', 'lon': '-81.09035', 'name': 'Marathon', 'admin1': 'Florida', 'admin2': 'Monroe County', 'cc': 'US'}]"
241793,"[{'lat': '24.59653', 'lon': '-81.66009', 'name': 'Big Coppitt Key', 'admin1': 'Florida', 'admin2': 'Monroe County', 'cc': 'US'}]"
241967,"[{'lat': '36.41362', 'lon': '94.8157', 'name': 'Guolemude', 'admin1': 'Heilongjiang Sheng', 'admin2': '', 'cc': 'CN'}]"
244313,"[{'lat': '36.41362', 'lon': '94.8157', 'name': 'Guolemude', 'admin1': 'Heilongjiang Sheng', 'admin2': '', 'cc': 'CN'}]"
244465,"[{'lat': '24.59653', 'lon': '-81.66009', 'name': 'Big Coppitt Key', 'admin1': 'Florida', 'admin2': 'Monroe County', 'cc': 'US'}]"
244738,"[{'lat': '24.56709', 'lon': '-81.73842', 'name': 'Stock Island', 'admin1': 'Florida', 'admin2': 'Monroe County', 'cc': 'US'}]"
245101,"[{'lat': '24.56709', 'lon': '-81.73842', 'name': 'Stock Island', 'admin1': 'Florida', 'admin2': 'Monroe County', 'cc': 'US'}]"
245602,"[{'lat': '24.71375', 'lon': '-81.09035', 'name': 'Marathon', 'admin1': 'Florida', 'admin2': 'Monroe County', 'cc': 'US'}]"
245612,"[{'lat': '22.07521', 'lon': '-159.31895', 'name': ""Kapa'a"", 'admin1': 'Hawaii', 'admin2': 'Kauai County', 'cc': 'US'}]"
246762,"[{'lat': '22.04922', 'lon': '-159.33522', 'name': 'Wailua', 'admin1': 'Hawaii', 'admin2': 'Kauai County', 'cc': 'US'}]"
246990,"[{'lat': '24.56709', 'lon': '-81.73842', 'name': 'Stock Island', 'admin1': 'Florida', 'admin2': 'Monroe County', 'cc': 'US'}]"
248100,"[{'lat': '24.5557', 'lon': '-81.78259', 'name': 'Key West', 'admin1': 'Florida', 'admin2': 'Monroe County', 'cc': 'US'}]"
248353,"[{'lat': '24.9243', 'lon': '-80.62784', 'name': 'Islamorada', 'admin1': 'Florida', 'admin2': 'Monroe County', 'cc': 'US'}]"
248702,"[{'lat': '24.97624', 'lon': '-80.55228', 'name': 'Plantation', 'admin1': 'Florida', 'admin2': 'Monroe County', 'cc': 'US'}]"
248953,"[{'lat': '24.5557', 'lon': '-81.78259', 'name': 'Key West', 'admin1': 'Florida', 'admin2': 'Monroe County', 'cc': 'US'}]"
249424,"[{'lat': '24.59653', 'lon': '-81.66009', 'name': 'Big Coppitt Key', 'admin1': 'Florida', 'admin2': 'Monroe County', 'cc': 'US'}]"
250684,"[{'lat': '36.41362', 'lon': '94.8157', 'name': 'Guolemude', 'admin1': 'Heilongjiang Sheng', 'admin2': '', 'cc': 'CN'}]"
251554,"[{'lat': '24.59653', 'lon': '-81.66009', 'name': 'Big Coppitt Key', 'admin1': 'Florida', 'admin2': 'Monroe County', 'cc': 'US'}]"
251761,"[{'lat': '24.5557', 'lon': '-81.78259', 'name': 'Key West', 'admin1': 'Florida', 'admin2': 'Monroe County', 'cc': 'US'}]"
252005,"[{'lat': '24.59653', 'lon': '-81.66009', 'name': 'Big Coppitt Key', 'admin1': 'Florida', 'admin2': 'Monroe County', 'cc': 'US'}]"
252182,"[{'lat': '24.56709', 'lon': '-81.73842', 'name': 'Stock Island', 'admin1': 'Florida', 'admin2': 'Monroe County', 'cc': 'US'}]"
252358,"[{'lat': '36.41362', 'lon': '94.8157', 'name': 'Guolemude', 'admin1': 'Heilongjiang Sheng', 'admin2': '', 'cc': 'CN'}]"
252368,"[{'lat': '36.41362', 'lon': '94.8157', 'name': 'Guolemude', 'admin1': 'Heilongjiang Sheng', 'admin2': '', 'cc': 'CN'}]"
252780,"[{'lat': '24.59653', 'lon': '-81.66009', 'name': 'Big Coppitt Key', 'admin1': 'Florida', 'admin2': 'Monroe County', 'cc': 'US'}]"
254092,"[{'lat': '24.56709', 'lon': '-81.73842', 'name': 'Stock Island', 'admin1': 'Florida', 'admin2': 'Monroe County', 'cc': 'US'}]"
254225,"[{'lat': '23.17605', 'lon': '-97.95', 'name': 'Nuevo Progreso', 'admin1': 'Tamaulipas', 'admin2': '', 'cc': 'MX'}]"
254267,"[{'lat': '24.56709', 'lon': '-81.73842', 'name': 'Stock Island', 'admin1': 'Florida', 'admin2': 'Monroe County', 'cc': 'US'}]"
254893,"[{'lat': '22.07521', 'lon': '-159.31895', 'name': ""Kapa'a"", 'admin1': 'Hawaii', 'admin2': 'Kauai County', 'cc': 'US'}]"
255355,"[{'lat': '24.59653', 'lon': '-81.66009', 'name': 'Big Coppitt Key', 'admin1': 'Florida', 'admin2': 'Monroe County', 'cc': 'US'}]"
